Subject,Supervoxel,Habitats,Count,raw-T1,raw-T2,raw-T1-original,raw-T2-original
sub22,1,4,22,9.0,9.0,761.3636363636364,746.8636363636364
sub22,2,1,20,3.0,3.0,564.3,386.35
sub22,3,3,13,5.0,6.0,618.6923076923077,559.4615384615385
sub22,4,1,13,0.0,3.0,451.84615384615387,389.15384615384613
sub22,5,1,32,0.0,0.0,435.5625,230.71875
sub22,6,3,19,3.0,5.0,562.1578947368421,488.57894736842104
sub22,7,2,6,6.0,4.0,636.6666666666666,453.1666666666667
sub22,8,4,13,7.0,7.0,667.2307692307693,592.8461538461538
sub22,9,1,10,2.0,0.0,526.9,282.5
sub22,10,4,9,5.0,8.0,600.4444444444445,650.8888888888889
sub22,11,2,4,9.0,2.0,718.0,365.75
sub22,12,4,9,6.0,9.0,628.5555555555555,693.2222222222222
sub22,13,3,3,2.0,7.0,520.0,610.6666666666666
sub22,14,1,3,5.0,0.0,614.0,248.0
sub22,15,1,15,4.0,3.0,593.4,407.46666666666664
sub22,16,4,8,9.0,6.0,736.625,556.625
sub22,17,1,21,2.0,2.0,521.7142857142857,344.5238095238095
sub22,18,3,5,1.0,6.0,495.6,545.2
sub22,19,3,18,4.0,6.0,581.5555555555555,549.4444444444445
sub22,20,1,19,1.0,0.0,487.2631578947368,257.89473684210526
sub22,21,2,19,5.0,4.0,610.2105263157895,475.36842105263156
sub22,22,1,14,2.0,3.0,532.1428571428571,394.64285714285717
sub22,23,1,4,4.0,1.0,575.5,301.75
sub22,24,2,6,7.0,5.0,682.1666666666666,499.8333333333333
sub22,25,1,11,0.0,1.0,467.45454545454544,303.1818181818182
sub22,26,4,7,8.0,9.0,702.1428571428571,719.1428571428571
sub22,27,4,10,9.0,8.0,749.5,637.7
sub22,28,3,5,1.0,5.0,501.6,487.4
sub22,29,4,10,6.0,8.0,653.7,634.2
sub22,30,1,15,3.0,2.0,546.3333333333334,350.53333333333336
sub22,31,3,17,4.0,5.0,585.5882352941177,505.7647058823529
sub22,32,4,13,6.0,6.0,637.4615384615385,534.3846153846154
sub22,33,4,10,5.0,8.0,624.3,634.9
sub22,34,1,13,3.0,4.0,564.8461538461538,431.84615384615387
sub22,35,1,10,2.0,4.0,530.3,457.6
sub22,36,4,11,8.0,7.0,691.2727272727273,573.9090909090909
sub22,37,2,3,8.0,3.0,688.3333333333334,410.3333333333333
sub22,38,3,8,2.0,6.0,534.375,528.625
sub22,39,2,4,7.0,1.0,659.0,323.25
sub22,40,2,4,9.0,4.0,739.5,466.0
sub22,41,1,4,0.0,4.0,463.0,462.5
sub22,42,1,6,4.0,2.0,595.8333333333334,352.5
sub22,43,2,21,4.0,4.0,587.3333333333334,456.4761904761905
sub22,44,4,9,5.0,7.0,601.5555555555555,595.5555555555555
sub22,45,2,9,6.0,5.0,648.0,500.77777777777777
sub22,46,1,3,3.0,0.0,563.0,197.33333333333334
sub22,47,1,22,1.0,1.0,496.54545454545456,314.72727272727275
sub22,48,4,9,7.0,9.0,666.1111111111111,764.4444444444445
sub22,49,1,20,1.0,3.0,502.25,398.25
sub22,50,3,9,3.0,7.0,561.5555555555555,611.5555555555555
sub1,1,4,62,9.0,9.0,513.5967741935484,408.7258064516129
sub1,2,3,29,2.0,7.0,418.2758620689655,366.41379310344826
sub1,3,1,60,2.0,1.0,405.96666666666664,260.43333333333334
sub1,4,2,54,7.0,5.0,477.24074074074076,333.9074074074074
sub1,5,4,52,7.0,8.0,481.88461538461536,394.7307692307692
sub1,6,2,19,7.0,0.0,482.89473684210526,224.78947368421052
sub1,7,2,33,5.0,3.0,456.54545454545456,288.45454545454544
sub1,8,4,84,9.0,6.0,510.9047619047619,356.2738095238095
sub1,9,3,34,4.0,8.0,444.6470588235294,393.11764705882354
sub1,10,2,59,4.0,4.0,438.3050847457627,321.2542372881356
sub1,11,1,79,0.0,0.0,353.873417721519,197.43037974683546
sub1,12,1,40,0.0,2.0,377.4,281.625
sub1,13,1,35,4.0,0.0,436.74285714285713,222.2
sub1,14,4,42,7.0,9.0,482.76190476190476,445.1904761904762
sub1,15,3,15,0.0,6.0,389.1333333333333,355.6
sub1,16,1,50,3.0,3.0,423.3,298.32
sub1,17,2,61,6.0,4.0,459.0,314.0327868852459
sub1,18,4,54,5.0,9.0,453.6666666666667,424.1111111111111
sub1,19,4,79,9.0,7.0,509.59493670886076,379.54430379746833
sub1,20,2,40,7.0,4.0,482.925,309.825
sub1,21,4,45,5.0,7.0,452.75555555555553,373.15555555555557
sub1,22,2,26,8.0,2.0,485.8076923076923,274.7307692307692
sub1,23,3,59,5.0,6.0,449.08474576271186,349.3898305084746
sub1,24,3,14,1.0,8.0,397.42857142857144,400.7142857142857
sub1,25,2,31,9.0,5.0,520.8387096774194,324.5483870967742
sub1,26,2,59,8.0,5.0,493.8474576271187,339.6271186440678
sub1,27,1,24,2.0,0.0,414.5,210.08333333333334
sub1,28,4,55,6.0,6.0,469.9818181818182,361.8909090909091
sub1,29,1,25,0.0,4.0,384.04,308.52
sub1,30,1,46,0.0,1.0,371.9782608695652,247.52173913043478
sub1,31,3,39,2.0,6.0,416.71794871794873,343.53846153846155
sub1,32,3,24,3.0,8.0,426.125,394.375
sub1,33,2,31,5.0,2.0,448.51612903225805,261.61290322580646
sub1,34,2,50,7.0,3.0,471.72,295.9
sub1,35,1,37,1.0,0.0,396.2972972972973,235.59459459459458
sub1,36,1,38,1.0,3.0,404.44736842105266,291.3421052631579
sub1,37,3,38,4.0,7.0,437.1578947368421,365.6842105263158
sub1,38,4,55,6.0,8.0,465.3090909090909,389.8727272727273
sub1,39,4,65,8.0,7.0,485.2769230769231,363.9076923076923
sub1,40,2,26,6.0,0.0,461.8076923076923,215.69230769230768
sub1,41,1,38,3.0,4.0,418.7368421052632,318.2368421052632
sub1,42,4,41,6.0,9.0,466.8292682926829,439.3170731707317
sub1,43,2,29,7.0,2.0,471.82758620689657,261.2758620689655
sub1,44,2,68,6.0,5.0,461.0882352941176,335.52941176470586
sub1,45,1,48,3.0,2.0,422.7708333333333,267.2708333333333
sub1,46,4,43,8.0,9.0,496.3953488372093,431.8837209302326
sub1,47,1,43,4.0,3.0,440.90697674418607,297.04651162790697
sub1,48,3,34,4.0,9.0,436.44117647058823,419.52941176470586
sub1,49,1,23,1.0,4.0,398.7391304347826,322.0869565217391
sub1,50,3,42,4.0,5.0,434.0238095238095,339.8095238095238
sub21,1,1,127,3.0,2.0,1182.4173228346456,702.9055118110236
sub21,2,4,103,7.0,6.0,1273.6796116504854,924.0388349514564
sub21,3,1,115,0.0,1.0,1058.4260869565217,612.3826086956522
sub21,4,3,61,3.0,6.0,1157.655737704918,903.8360655737705
sub21,5,2,122,7.0,4.0,1284.549180327869,817.8032786885246
sub21,6,2,139,5.0,5.0,1214.294964028777,836.3525179856115
sub21,7,4,85,9.0,8.0,1357.1411764705883,1017.5176470588235
sub21,8,1,92,5.0,0.0,1222.3260869565217,571.9782608695652
sub21,9,3,47,3.0,9.0,1168.2553191489362,1124.8936170212767
sub21,10,1,69,1.0,3.0,1110.8115942028985,761.6666666666666
sub21,11,4,69,7.0,8.0,1292.695652173913,1006.4927536231884
sub21,12,2,103,8.0,4.0,1313.9320388349515,806.6990291262136
sub21,13,1,98,3.0,0.0,1159.7448979591836,534.9591836734694
sub21,14,4,91,9.0,7.0,1368.2307692307693,939.1428571428571
sub21,15,2,108,6.0,4.0,1260.4259259259259,780.6296296296297
sub21,16,1,182,0.0,0.0,1049.7252747252746,525.6428571428571
sub21,17,1,113,2.0,1.0,1126.9911504424779,616.5752212389381
sub21,18,1,96,3.0,3.0,1159.8125,750.3125
sub21,19,3,69,1.0,5.0,1118.8695652173913,861.0
sub21,20,3,109,4.0,6.0,1207.8165137614678,907.8715596330276
sub21,21,4,97,6.0,9.0,1241.6494845360826,1146.360824742268
sub21,22,2,50,7.0,0.0,1281.38,593.42
sub21,23,2,128,6.0,5.0,1241.984375,829.4375
sub21,24,3,34,0.0,6.0,1050.8235294117646,906.3529411764706
sub21,25,2,128,5.0,2.0,1224.5703125,698.6953125
sub21,26,1,117,3.0,1.0,1172.4615384615386,620.5384615384615
sub21,27,4,81,9.0,9.0,1337.851851851852,1140.641975308642
sub21,28,2,155,8.0,5.0,1301.7935483870967,875.825806451613
sub21,29,1,71,0.0,2.0,1068.2394366197184,696.5915492957746
sub21,30,4,97,8.0,7.0,1314.7319587628865,940.2989690721649
sub21,31,1,89,1.0,0.0,1118.9101123595506,525.4831460674158
sub21,32,2,132,5.0,4.0,1228.5151515151515,766.0984848484849
sub21,33,2,73,6.0,2.0,1262.3561643835617,661.0410958904109
sub21,34,2,88,9.0,4.0,1367.4545454545455,790.8636363636364
sub21,35,3,55,4.0,9.0,1210.3636363636363,1063.5454545454545
sub21,36,2,91,7.0,3.0,1282.4835164835165,739.3846153846154
sub21,37,2,49,9.0,2.0,1331.204081632653,670.8163265306123
sub21,38,1,105,2.0,4.0,1143.1809523809525,812.1714285714286
sub21,39,3,141,3.0,5.0,1181.4964539007092,833.9858156028369
sub21,40,1,113,2.0,2.0,1130.1061946902655,687.6106194690266
sub21,41,1,51,0.0,4.0,1075.313725490196,815.7450980392157
sub21,42,3,14,0.0,8.0,1084.142857142857,1023.7857142857143
sub21,43,1,77,4.0,1.0,1206.6363636363637,636.7402597402597
sub21,44,4,110,6.0,6.0,1239.2181818181818,900.3454545454546
sub21,45,1,114,4.0,3.0,1199.0,761.1666666666666
sub21,46,3,46,3.0,7.0,1177.391304347826,981.1739130434783
sub21,47,2,144,9.0,5.0,1356.0625,867.9166666666666
sub21,48,4,72,6.0,8.0,1246.5416666666667,994.0
sub21,49,2,146,6.0,5.0,1266.5890410958905,861.4041095890411
sub21,50,4,104,7.0,9.0,1287.6057692307693,1151.1538461538462
sub19,1,3,189,4.0,7.0,991.7142857142857,1548.015873015873
sub19,2,1,148,1.0,3.0,908.1148648648649,1284.2837837837837
sub19,3,2,218,7.0,3.0,1049.1834862385322,1282.967889908257
sub19,4,1,137,4.0,0.0,992.1678832116788,1007.2043795620438
sub19,5,2,168,8.0,3.0,1090.452380952381,1258.8035714285713
sub19,6,4,116,9.0,8.0,1131.6120689655172,1592.6379310344828
sub19,7,3,167,3.0,5.0,960.7425149700599,1390.7305389221558
sub19,8,1,110,1.0,0.0,916.0181818181818,1032.5363636363636
sub19,9,3,98,1.0,9.0,908.6020408163265,1662.7142857142858
sub19,10,1,191,4.0,2.0,983.2198952879581,1206.109947643979
sub19,11,4,227,7.0,6.0,1052.6872246696034,1448.0484581497797
sub19,12,2,230,5.0,4.0,1006.4521739130435,1295.013043478261
sub19,13,2,143,6.0,1.0,1033.3916083916083,1150.097902097902
sub19,14,4,142,6.0,9.0,1035.3309859154929,1756.3591549295775
sub19,15,2,154,8.0,5.0,1085.1103896103896,1421.5324675324675
sub19,16,3,127,3.0,9.0,952.6299212598425,1687.5118110236222
sub19,17,3,109,0.0,5.0,877.9908256880734,1401.2293577981652
sub19,18,3,128,1.0,7.0,907.59375,1505.953125
sub19,19,2,113,7.0,0.0,1060.7699115044247,1062.203539823009
sub19,20,2,146,7.0,2.0,1064.7123287671234,1194.664383561644
sub19,21,1,175,0.0,3.0,855.9542857142857,1266.5428571428572
sub19,22,1,213,3.0,3.0,971.9201877934272,1288.4225352112676
sub19,23,2,181,9.0,5.0,1133.4309392265193,1418.6961325966852
sub19,24,3,232,5.0,6.0,1016.6551724137931,1436.5431034482758
sub19,25,3,126,2.0,6.0,933.0,1422.2936507936508
sub19,26,4,145,8.0,9.0,1072.448275862069,1709.1862068965518
sub19,27,4,132,5.0,9.0,997.75,1724.7045454545455
sub19,28,1,214,3.0,1.0,952.9392523364486,1148.3084112149534
sub19,29,3,172,3.0,7.0,953.6686046511628,1515.8662790697674
sub19,30,2,144,6.0,0.0,1023.2083333333334,1033.7569444444443
sub19,31,2,149,9.0,4.0,1123.3221476510066,1315.3892617449665
sub19,32,1,112,3.0,0.0,955.8214285714286,1028.330357142857
sub19,33,1,213,0.0,0.0,843.5305164319249,1020.3333333333334
sub19,34,3,187,4.0,5.0,991.3529411764706,1366.8823529411766
sub19,35,1,134,2.0,4.0,938.3805970149253,1320.6567164179105
sub19,36,4,150,6.0,8.0,1023.1333333333333,1581.8
sub19,37,4,142,8.0,7.0,1084.6971830985915,1514.3239436619717
sub19,38,1,175,1.0,2.0,914.2971428571428,1170.9657142857143
sub19,39,1,165,0.0,1.0,858.8848484848485,1163.5272727272727
sub19,40,4,184,6.0,7.0,1026.0434782608695,1499.820652173913
sub19,41,2,178,8.0,4.0,1072.123595505618,1349.4606741573034
sub19,42,3,211,4.0,6.0,984.8578199052133,1460.170616113744
sub19,43,2,184,5.0,1.0,997.2608695652174,1135.9673913043478
sub19,44,2,196,6.0,2.0,1023.1530612244898,1226.9285714285713
sub19,45,4,155,9.0,7.0,1138.5806451612902,1515.8129032258064
sub19,46,4,104,9.0,9.0,1121.1442307692307,1711.701923076923
sub19,47,2,72,9.0,1.0,1112.111111111111,1145.138888888889
sub19,48,4,163,7.0,7.0,1054.0429447852762,1547.4723926380368
sub19,49,1,214,2.0,2.0,942.4719626168225,1228.943925233645
sub19,50,2,207,6.0,5.0,1031.352657004831,1363.4009661835748
sub229,1,2,25,5.0,3.0,1343.2,654.04
sub229,2,4,24,8.0,8.0,1492.8333333333333,980.8333333333334
sub229,3,1,30,2.0,0.0,1197.9,490.9
sub229,4,1,40,1.0,1.0,1162.35,560.7
sub229,5,2,30,7.0,5.0,1437.0666666666666,770.4
sub229,6,1,44,4.0,1.0,1297.9772727272727,588.5227272727273
sub229,7,1,63,0.0,0.0,1086.5079365079366,469.74603174603175
sub229,8,3,22,5.0,6.0,1352.7727272727273,830.0
sub229,9,4,17,8.0,6.0,1490.1764705882354,840.9411764705883
sub229,10,4,28,6.0,7.0,1409.2142857142858,878.8214285714286
sub229,11,4,62,9.0,9.0,1562.1451612903227,1090.3064516129032
sub229,12,1,16,5.0,0.0,1342.0625,513.5
sub229,13,1,34,2.0,1.0,1221.2941176470588,566.4411764705883
sub229,14,2,28,5.0,3.0,1370.1785714285713,694.3571428571429
sub229,15,2,33,5.0,2.0,1367.2727272727273,602.060606060606
sub229,16,4,26,9.0,8.0,1542.3076923076924,929.5384615384615
sub229,17,1,46,0.0,0.0,1142.7826086956522,476.4347826086956
sub229,18,2,25,7.0,3.0,1418.56,694.28
sub229,19,1,41,1.0,1.0,1194.8536585365853,544.170731707317
sub229,20,4,7,6.0,9.0,1412.2857142857142,1081.7142857142858
sub229,21,4,31,7.0,7.0,1458.0645161290322,881.741935483871
sub229,22,2,19,4.0,4.0,1309.3684210526317,709.9473684210526
sub229,23,2,12,7.0,1.0,1437.5833333333333,541.3333333333334
sub229,24,2,28,5.0,1.0,1328.25,563.4642857142857
sub229,25,1,46,0.0,1.0,1092.5652173913043,547.8478260869565
sub229,26,1,45,1.0,0.0,1165.2222222222222,519.4666666666667
sub229,27,2,29,6.0,3.0,1383.1379310344828,652.0689655172414
sub229,28,1,43,3.0,1.0,1278.7441860465117,560.2325581395348
sub229,29,1,27,4.0,0.0,1293.111111111111,502.3333333333333
sub229,30,4,10,7.0,8.0,1420.1,953.7
sub229,31,1,65,2.0,0.0,1237.5846153846153,530.3384615384615
sub229,32,4,24,9.0,7.0,1539.9583333333333,878.7916666666666
sub229,33,1,26,4.0,3.0,1304.9615384615386,656.5384615384615
sub229,34,1,19,1.0,2.0,1164.3684210526317,627.1052631578947
sub229,35,1,44,3.0,2.0,1273.7727272727273,624.5
sub229,36,2,28,6.0,4.0,1402.8214285714287,746.3214285714286
sub229,37,1,9,2.0,3.0,1223.7777777777778,685.1111111111111
sub229,38,2,22,6.0,5.0,1386.590909090909,794.5454545454545
sub229,39,3,15,4.0,5.0,1291.0666666666666,777.1333333333333
sub229,40,1,41,2.0,2.0,1239.6341463414635,599.219512195122
sub229,41,4,28,7.0,6.0,1428.607142857143,828.3571428571429
sub229,42,2,12,8.0,4.0,1479.25,732.1666666666666
sub229,43,1,31,4.0,2.0,1328.0645161290322,617.4193548387096
sub229,44,4,26,8.0,8.0,1479.4615384615386,926.3461538461538
sub229,45,4,15,9.0,6.0,1538.6,814.0
sub229,46,3,2,4.0,7.0,1310.5,919.0
sub229,47,4,24,9.0,8.0,1585.375,975.9583333333334
sub229,48,2,16,6.0,1.0,1388.6875,535.4375
sub229,49,4,25,8.0,9.0,1476.92,1054.56
sub229,50,2,24,5.0,4.0,1345.9583333333333,748.5416666666666
sub24,1,4,170,9.0,6.0,906.4764705882353,436.17058823529413
sub24,2,3,143,4.0,5.0,802.979020979021,411.4475524475524
sub24,3,1,142,0.0,0.0,690.943661971831,261.11971830985914
sub24,4,3,87,2.0,7.0,749.8850574712644,468.9655172413793
sub24,5,4,186,6.0,8.0,828.5591397849462,478.16129032258067
sub24,6,2,80,5.0,1.0,820.625,332.675
sub24,7,2,131,8.0,3.0,866.7480916030535,373.23664122137404
sub24,8,1,126,2.0,4.0,748.6666666666666,397.9761904761905
sub24,9,2,125,7.0,4.0,844.616,391.808
sub24,10,3,87,0.0,9.0,673.7241379310345,559.3678160919541
sub24,11,4,181,7.0,8.0,858.4585635359116,479.61878453038673
sub24,12,1,100,2.0,1.0,760.5,331.9
sub24,13,4,196,5.0,7.0,804.6887755102041,469.8724489795918
sub24,14,3,98,0.0,5.0,709.4081632653061,419.09183673469386
sub24,15,4,148,7.0,6.0,846.9662162162163,429.93918918918916
sub24,16,4,132,5.0,9.0,815.2121212121212,520.439393939394
sub24,17,2,141,9.0,4.0,896.2624113475177,401.02127659574467
sub24,18,1,132,4.0,3.0,801.2727272727273,370.8030303030303
sub24,19,4,126,9.0,7.0,905.0238095238095,468.93650793650795
sub24,20,1,83,3.0,0.0,767.5301204819277,277.28915662650604
sub24,21,3,117,3.0,6.0,772.8974358974359,426.5726495726496
sub24,22,1,64,0.0,1.0,697.0625,334.046875
sub24,23,3,67,1.0,9.0,745.0298507462686,556.0
sub24,24,4,121,7.0,9.0,841.99173553719,512.7851239669421
sub24,25,4,153,8.0,6.0,871.8300653594771,428.05882352941177
sub24,26,1,125,3.0,4.0,780.928,394.696
sub24,27,4,127,8.0,7.0,878.1102362204724,454.4488188976378
sub24,28,3,136,4.0,6.0,795.75,444.13235294117646
sub24,29,4,179,6.0,7.0,836.9832402234637,456.20111731843576
sub24,30,3,86,0.0,7.0,704.453488372093,467.6744186046512
sub24,31,1,90,4.0,0.0,794.7,292.1777777777778
sub24,32,2,68,7.0,2.0,857.1176470588235,340.13235294117646
sub24,33,4,71,9.0,9.0,904.2394366197183,509.2676056338028
sub24,34,3,133,3.0,7.0,776.7593984962406,467.9172932330827
sub24,35,1,88,1.0,0.0,739.3068181818181,271.28409090909093
sub24,36,1,63,1.0,2.0,738.5714285714286,353.2063492063492
sub24,37,2,149,6.0,5.0,829.6577181208054,412.1543624161074
sub24,38,2,113,6.0,3.0,832.1592920353983,361.716814159292
sub24,39,1,54,5.0,0.0,820.8148148148148,276.9074074074074
sub24,40,1,107,4.0,2.0,791.0467289719626,338.7943925233645
sub24,41,2,141,5.0,4.0,820.6028368794326,387.90070921985813
sub24,42,3,98,4.0,9.0,785.1326530612245,516.6734693877551
sub24,43,2,88,9.0,3.0,898.1818181818181,368.32954545454544
sub24,44,4,138,7.0,7.0,858.6594202898551,454.17391304347825
sub24,45,3,113,1.0,6.0,744.2300884955753,435.4513274336283
sub24,46,1,75,0.0,3.0,701.4533333333334,381.62666666666667
sub24,47,4,70,8.0,9.0,869.7,514.8428571428572
sub24,48,2,135,7.0,5.0,860.4518518518519,406.14814814814815
sub24,49,1,87,3.0,3.0,768.3103448275862,368.64367816091954
sub24,50,3,157,5.0,6.0,819.7324840764331,437.81528662420385
sub20,1,1,2168,1.0,1.0,75.76383763837639,68.66374538745387
sub20,2,3,4075,2.0,5.0,84.06601226993865,98.2841717791411
sub20,3,2,1427,9.0,3.0,201.8248072880168,79.82831114225648
sub20,4,3,2443,1.0,8.0,80.8960294719607,118.10724519033974
sub20,5,1,3866,2.0,4.0,82.97697878944646,87.09208484221418
sub20,6,1,1986,0.0,3.0,69.80664652567975,80.527693856999
sub20,7,2,412,6.0,4.0,114.26941747572816,89.96601941747574
sub20,8,3,1582,0.0,5.0,67.07774968394438,96.3109987357775
sub20,9,4,272,5.0,7.0,113.04779411764706,108.26470588235294
sub20,10,2,1207,9.0,1.0,213.92792046396022,70.72825186412594
sub20,11,3,3050,1.0,7.0,81.26524590163935,111.02065573770491
sub20,12,3,3121,2.0,9.0,88.18936238385133,137.99743671900032
sub20,13,1,2285,2.0,3.0,84.5855579868709,81.18512035010941
sub20,14,1,2764,0.0,0.0,74.82597684515196,53.15014471780029
sub20,15,1,2252,0.0,4.0,74.85879218472469,92.23623445825932
sub20,16,3,996,0.0,9.0,66.55321285140562,139.6867469879518
sub20,17,1,1846,2.0,4.0,89.72318526543879,87.26923076923077
sub20,18,4,168,6.0,9.0,120.08928571428571,129.0
sub20,19,3,1300,0.0,7.0,72.50846153846153,113.24153846153847
sub20,20,3,2397,2.0,8.0,88.17855652899458,118.73383395911556
sub20,21,4,293,9.0,8.0,176.419795221843,120.46757679180887
sub20,22,1,2204,1.0,2.0,81.35617059891108,74.48548094373865
sub20,23,3,1482,3.0,5.0,91.09581646423752,95.27327935222672
sub20,24,1,3512,1.0,4.0,80.20615034168564,92.87044419134396
sub20,25,2,487,7.0,3.0,127.81314168377824,79.02874743326488
sub20,26,4,534,9.0,6.0,203.76591760299627,101.7378277153558
sub20,27,1,3277,1.0,3.0,78.23558132438205,80.74061641745499
sub20,28,3,2448,2.0,7.0,87.81290849673202,110.58415032679738
sub20,29,1,3019,0.0,0.0,67.35674064259689,48.78668433256045
sub20,30,2,926,9.0,4.0,205.47408207343412,89.08963282937366
sub20,31,3,3238,2.0,6.0,82.64206300185299,103.85237801111798
sub20,32,3,499,4.0,9.0,98.23046092184369,139.48296593186373
sub20,33,2,325,5.0,2.0,111.43692307692308,72.48615384615384
sub20,34,1,1680,0.0,2.0,69.10595238095237,72.11190476190477
sub20,35,2,265,7.0,4.0,127.51320754716981,92.16603773584906
sub20,36,1,3277,2.0,4.0,85.02624351541044,92.59505645407384
sub20,37,2,780,9.0,0.0,238.71153846153845,55.37820512820513
sub20,38,3,2523,1.0,9.0,81.14268727705112,132.47245342845818
sub20,39,1,605,4.0,3.0,100.52231404958678,85.19338842975206
sub20,40,3,1332,0.0,6.0,68.1403903903904,104.47297297297297
sub20,41,1,1559,0.0,4.0,67.39961513790891,87.40218088518282
sub20,42,1,781,3.0,2.0,91.32650448143406,75.31882202304737
sub20,43,1,1252,1.0,0.0,80.27316293929712,63.97843450479233
sub20,44,1,3743,1.0,4.0,77.65669249265295,86.54368153887256
sub20,45,3,471,4.0,5.0,102.3312101910828,97.71337579617834
sub20,46,3,2461,1.0,6.0,77.5619666802113,105.85168630637952
sub20,47,1,2007,0.0,1.0,70.39661185849526,64.39810662680618
sub20,48,3,2207,2.0,6.0,88.82147711826008,103.40734028092433
sub20,49,1,2547,1.0,2.0,75.51236749116607,74.9093050647821
sub20,50,3,3156,1.0,5.0,77.25,99.09790874524715
sub25,1,1,321,0.0,0.0,162.0778816199377,134.02180685358255
sub25,2,2,233,7.0,4.0,191.1459227467811,207.07725321888412
sub25,3,1,208,3.0,2.0,179.84134615384616,182.63942307692307
sub25,4,4,121,9.0,8.0,200.92561983471074,256.05785123966945
sub25,5,4,106,5.0,9.0,183.5754716981132,349.95283018867923
sub25,6,2,242,9.0,5.0,201.78925619834712,223.6694214876033
sub25,7,2,225,6.0,2.0,187.89777777777778,179.1511111111111
sub25,8,1,183,2.0,2.0,175.27868852459017,178.45901639344262
sub25,9,4,57,7.0,8.0,192.7017543859649,259.7543859649123
sub25,10,2,120,7.0,5.0,190.60833333333332,225.63333333333333
sub25,11,1,199,2.0,1.0,174.5929648241206,163.92964824120602
sub25,12,2,191,7.0,3.0,192.4607329842932,187.4607329842932
sub25,13,2,233,8.0,5.0,197.0343347639485,220.76824034334763
sub25,14,2,142,5.0,4.0,184.91549295774647,210.28169014084506
sub25,15,3,21,0.0,9.0,166.8095238095238,336.9047619047619
sub25,16,2,268,8.0,4.0,196.84701492537314,204.5410447761194
sub25,17,1,109,3.0,0.0,179.75229357798165,151.9908256880734
sub25,18,3,64,4.0,5.0,181.0625,219.5
sub25,19,2,263,5.0,3.0,186.21292775665398,191.79467680608366
sub25,20,1,235,3.0,1.0,178.94893617021276,169.46382978723403
sub25,21,2,294,6.0,3.0,190.41836734693877,195.48299319727892
sub25,22,1,159,1.0,1.0,170.86163522012578,162.62893081761007
sub25,23,2,152,5.0,1.0,183.97368421052633,163.32236842105263
sub25,24,3,25,2.0,6.0,173.52,239.76
sub25,25,2,145,8.0,3.0,196.1793103448276,187.32413793103447
sub25,26,4,131,8.0,6.0,195.6793893129771,237.34351145038167
sub25,27,3,87,5.0,6.0,184.2528735632184,233.95402298850576
sub25,28,4,127,6.0,9.0,189.03149606299212,339.87401574803147
sub25,29,1,116,0.0,2.0,163.92241379310346,172.98275862068965
sub25,30,4,55,9.0,9.0,198.6727272727273,312.96363636363634
sub25,31,2,289,9.0,4.0,201.5190311418685,210.85813148788927
sub25,32,1,102,2.0,0.0,176.13725490196077,142.11764705882354
sub25,33,4,193,9.0,6.0,201.79274611398964,236.94300518134716
sub25,34,1,74,3.0,3.0,177.27027027027026,197.4189189189189
sub25,35,4,52,5.0,8.0,184.53846153846155,256.86538461538464
sub25,36,3,76,3.0,9.0,177.1184210526316,351.7105263157895
sub25,37,2,363,8.0,4.0,194.06611570247935,202.5564738292011
sub25,38,2,174,6.0,5.0,188.0632183908046,216.98275862068965
sub25,39,2,74,7.0,1.0,193.28378378378378,169.63513513513513
sub25,40,1,188,1.0,0.0,171.95744680851064,141.21808510638297
sub25,41,1,243,4.0,2.0,183.3621399176955,179.47736625514403
sub25,42,4,80,7.0,6.0,191.1875,240.5125
sub25,43,4,92,7.0,9.0,193.30434782608697,327.9130434782609
sub25,44,1,177,0.0,0.0,163.9322033898305,157.79661016949152
sub25,45,1,89,1.0,2.0,170.77528089887642,184.51685393258427
sub25,46,2,121,9.0,3.0,200.95867768595042,195.96694214876032
sub25,47,2,190,7.0,5.0,193.90526315789472,219.68421052631578
sub25,48,1,213,4.0,3.0,182.75586854460093,194.64788732394365
sub25,49,2,257,6.0,4.0,187.96108949416342,202.4124513618677
sub25,50,2,85,6.0,1.0,188.83529411764707,162.41176470588235
sub26,1,4,16,7.0,6.0,524.6875,658.0
sub26,2,1,51,4.0,3.0,477.9019607843137,466.5686274509804
sub26,3,1,62,0.0,0.0,377.2903225806452,259.80645161290323
sub26,4,2,14,7.0,2.0,528.7142857142857,431.14285714285717
sub26,5,4,18,8.0,8.0,541.3333333333334,771.8888888888889
sub26,6,2,28,8.0,5.0,537.3214285714286,580.0714285714286
sub26,7,1,18,1.0,1.0,426.0,362.6111111111111
sub26,8,2,24,6.0,2.0,498.125,413.7083333333333
sub26,9,2,32,5.0,4.0,495.875,564.53125
sub26,10,4,46,9.0,9.0,573.3695652173913,914.5
sub26,11,1,18,3.0,2.0,451.8888888888889,417.27777777777777
sub26,12,4,30,8.0,6.0,539.4,638.2
sub26,13,2,13,7.0,0.0,521.2307692307693,334.46153846153845
sub26,14,2,32,7.0,4.0,518.65625,542.875
sub26,15,2,39,5.0,2.0,481.4871794871795,415.05128205128204
sub26,16,2,24,4.0,4.0,478.125,536.875
sub26,17,2,33,6.0,3.0,498.6666666666667,494.030303030303
sub26,18,4,7,6.0,9.0,510.42857142857144,826.2857142857143
sub26,19,4,16,8.0,7.0,549.0,715.625
sub26,20,4,18,9.0,6.0,572.3333333333334,662.3333333333334
sub26,21,1,23,2.0,1.0,442.69565217391306,373.5217391304348
sub26,22,2,31,7.0,5.0,525.1935483870968,611.2258064516129
sub26,23,3,11,5.0,6.0,485.09090909090907,641.4545454545455
sub26,24,1,15,0.0,1.0,397.0,376.93333333333334
sub26,25,2,27,8.0,3.0,532.8518518518518,505.55555555555554
sub26,26,1,18,5.0,0.0,494.6111111111111,352.55555555555554
sub26,27,4,24,8.0,9.0,539.8333333333334,888.9166666666666
sub26,28,1,22,3.0,3.0,453.8181818181818,493.59090909090907
sub26,29,4,14,9.0,8.0,573.5,776.9285714285714
sub26,30,1,39,4.0,2.0,464.1794871794872,451.28205128205127
sub26,31,2,7,8.0,0.0,542.8571428571429,291.42857142857144
sub26,32,2,16,7.0,3.0,515.6875,489.625
sub26,33,2,12,9.0,4.0,552.25,546.9166666666666
sub26,34,3,16,4.0,5.0,476.5,577.1875
sub26,35,2,27,6.0,5.0,512.8518518518518,582.0
sub26,36,1,23,4.0,1.0,467.1304347826087,391.69565217391306
sub26,37,2,27,6.0,1.0,510.44444444444446,394.48148148148147
sub26,38,2,43,6.0,4.0,502.27906976744185,528.4883720930233
sub26,39,1,16,2.0,3.0,437.9375,464.0
sub26,40,4,23,8.0,7.0,533.8695652173913,713.3478260869565
sub26,41,2,39,5.0,2.0,488.53846153846155,451.2564102564103
sub26,42,2,24,6.0,2.0,505.0,458.0833333333333
sub26,43,1,27,4.0,3.0,468.81481481481484,490.2962962962963
sub26,44,2,22,9.0,5.0,560.2727272727273,604.3636363636364
sub26,45,1,23,0.0,0.0,407.17391304347825,326.0869565217391
sub26,46,4,17,6.0,6.0,511.0,638.9411764705883
sub26,47,1,13,1.0,2.0,423.38461538461536,426.9230769230769
sub26,48,4,11,6.0,7.0,507.0,702.1818181818181
sub26,49,4,15,9.0,7.0,572.6666666666666,717.0666666666667
sub26,50,2,31,5.0,3.0,486.80645161290323,512.5806451612904
sub28,1,1,43,4.0,3.0,973.0232558139535,613.1860465116279
sub28,2,2,39,8.0,5.0,1079.4615384615386,726.8717948717949
sub28,3,1,37,2.0,1.0,899.7297297297297,515.7297297297297
sub28,4,3,30,4.0,7.0,963.7333333333333,805.6
sub28,5,4,32,7.0,9.0,1051.96875,962.9375
sub28,6,2,21,9.0,3.0,1094.5238095238096,622.1428571428571
sub28,7,3,19,1.0,5.0,883.0526315789474,718.6315789473684
sub28,8,1,37,4.0,1.0,962.8648648648649,499.18918918918916
sub28,9,4,44,9.0,9.0,1137.340909090909,947.6363636363636
sub28,10,2,35,6.0,5.0,1023.6571428571428,705.9714285714285
sub28,11,1,34,1.0,0.0,867.9117647058823,437.1764705882353
sub28,12,1,27,2.0,3.0,894.925925925926,620.6666666666666
sub28,13,2,19,7.0,1.0,1053.157894736842,505.57894736842104
sub28,14,1,37,2.0,2.0,911.2972972972973,558.1351351351351
sub28,15,4,31,6.0,8.0,1023.3548387096774,846.483870967742
sub28,16,1,39,0.0,1.0,823.6666666666666,504.56410256410254
sub28,17,3,22,4.0,9.0,961.9545454545455,885.6818181818181
sub28,18,2,34,6.0,3.0,1010.7058823529412,618.3235294117648
sub28,19,3,24,4.0,5.0,964.5833333333334,723.625
sub28,20,1,42,2.0,0.0,917.1428571428571,447.45238095238096
sub28,21,1,19,2.0,4.0,915.5263157894736,677.6842105263158
sub28,22,2,28,9.0,5.0,1128.1785714285713,684.7142857142857
sub28,23,4,32,7.0,6.0,1043.84375,732.15625
sub28,24,4,21,9.0,8.0,1101.142857142857,836.7619047619048
sub28,25,2,16,9.0,1.0,1120.4375,519.125
sub28,26,2,27,4.0,4.0,953.4074074074074,665.2592592592592
sub28,27,2,31,6.0,0.0,1006.7096774193549,481.83870967741933
sub28,28,4,21,6.0,6.0,1018.3809523809524,773.5714285714286
sub28,29,2,19,7.0,3.0,1038.6315789473683,586.6315789473684
sub28,30,1,45,0.0,0.0,830.8222222222222,446.8666666666667
sub28,31,3,9,2.0,9.0,918.2222222222222,931.7777777777778
sub28,32,3,10,1.0,7.0,887.5,819.8
sub28,33,2,33,5.0,4.0,1001.7878787878788,668.7575757575758
sub28,34,3,22,3.0,6.0,933.0,751.0454545454545
sub28,35,2,43,7.0,4.0,1050.5348837209303,634.0232558139535
sub28,36,1,24,0.0,4.0,842.0416666666666,668.875
sub28,37,1,41,3.0,1.0,933.4146341463414,504.8048780487805
sub28,38,2,31,5.0,2.0,985.6129032258065,557.2258064516129
sub28,39,1,34,1.0,0.0,881.6764705882352,486.47058823529414
sub28,40,4,36,6.0,9.0,1008.0,930.7222222222222
sub28,41,1,30,3.0,3.0,925.9333333333333,608.5
sub28,42,1,44,0.0,2.0,823.4545454545455,569.0454545454545
sub28,43,3,27,5.0,6.0,989.5925925925926,744.2222222222222
sub28,44,4,33,9.0,6.0,1124.8484848484848,764.939393939394
sub28,45,2,39,8.0,5.0,1060.025641025641,680.7435897435897
sub28,46,1,34,1.0,2.0,880.0294117647059,552.3235294117648
sub28,47,4,30,8.0,7.0,1063.4666666666667,797.9666666666667
sub28,48,1,28,2.0,0.0,892.8214285714286,433.82142857142856
sub28,49,1,35,4.0,0.0,954.4,443.37142857142857
sub28,50,1,46,3.0,2.0,942.4565217391304,559.3478260869565
sub620,1,2,25,8.0,5.0,272.08,311.32
sub620,2,1,21,1.0,4.0,248.95238095238096,279.04761904761904
sub620,3,3,24,4.0,6.0,258.7916666666667,326.8333333333333
sub620,4,2,11,6.0,1.0,265.90909090909093,198.0
sub620,5,1,11,2.0,1.0,252.9090909090909,215.63636363636363
sub620,6,4,23,6.0,8.0,265.17391304347825,380.7391304347826
sub620,7,3,8,2.0,9.0,251.875,430.25
sub620,8,2,42,5.0,5.0,262.3809523809524,308.64285714285717
sub620,9,1,28,3.0,3.0,257.10714285714283,247.67857142857142
sub620,10,2,15,9.0,2.0,278.1333333333333,236.8
sub620,11,1,41,0.0,0.0,242.46341463414635,149.14634146341464
sub620,12,2,28,7.0,5.0,268.64285714285717,309.64285714285717
sub620,13,4,10,9.0,8.0,276.9,382.8
sub620,14,1,35,3.0,4.0,257.54285714285714,291.6
sub620,15,4,36,7.0,6.0,267.77777777777777,338.1666666666667
sub620,16,4,17,9.0,9.0,274.7647058823529,426.8235294117647
sub620,17,1,12,4.0,0.0,258.6666666666667,171.0
sub620,18,3,21,1.0,5.0,249.76190476190476,299.9047619047619
sub620,19,2,23,6.0,2.0,264.30434782608694,243.69565217391303
sub620,20,2,13,7.0,4.0,270.0,281.53846153846155
sub620,21,2,27,6.0,4.0,265.3703703703704,295.48148148148147
sub620,22,1,13,0.0,3.0,246.46153846153845,254.84615384615384
sub620,23,1,19,1.0,2.0,251.31578947368422,243.94736842105263
sub620,24,3,31,3.0,6.0,255.96774193548387,325.5806451612903
sub620,25,1,20,1.0,0.0,250.65,154.95
sub620,26,4,30,5.0,7.0,263.8333333333333,349.06666666666666
sub620,27,3,24,4.0,7.0,259.7083333333333,361.6666666666667
sub620,28,2,22,9.0,4.0,279.1818181818182,273.77272727272725
sub620,29,1,27,2.0,4.0,254.03703703703704,276.3333333333333
sub620,30,1,16,4.0,1.0,258.75,221.375
sub620,31,4,18,8.0,9.0,270.6666666666667,414.55555555555554
sub620,32,3,8,0.0,9.0,244.875,415.25
sub620,33,2,30,6.0,3.0,265.26666666666665,270.56666666666666
sub620,34,1,34,4.0,3.0,260.2352941176471,265.11764705882354
sub620,35,3,13,4.0,9.0,260.84615384615387,432.84615384615387
sub620,36,4,20,8.0,7.0,272.6,350.3
sub620,37,4,19,9.0,6.0,280.57894736842104,337.05263157894734
sub620,38,2,9,8.0,3.0,273.3333333333333,255.55555555555554
sub620,39,1,14,0.0,1.0,248.14285714285714,218.28571428571428
sub620,40,3,13,0.0,5.0,244.69230769230768,298.46153846153845
sub620,41,2,19,9.0,5.0,278.2105263157895,303.8421052631579
sub620,42,4,20,6.0,9.0,267.2,422.3
sub620,43,3,20,2.0,5.0,252.55,317.4
sub620,44,3,5,2.0,7.0,251.8,354.8
sub620,45,2,9,8.0,2.0,270.55555555555554,222.0
sub620,46,2,16,7.0,3.0,268.3125,247.75
sub620,47,3,9,3.0,9.0,256.3333333333333,446.0
sub620,48,1,13,0.0,1.0,244.30769230769232,200.23076923076923
sub620,49,1,10,2.0,0.0,254.1,168.9
sub620,50,2,17,5.0,2.0,261.8235294117647,222.7058823529412
sub29,1,2,237,6.0,3.0,1303.5274261603377,565.9029535864979
sub29,2,1,169,1.0,1.0,1093.1005917159764,498.27810650887574
sub29,3,4,274,9.0,9.0,1485.2372262773722,704.5
sub29,4,3,281,5.0,6.0,1300.405693950178,636.6939501779359
sub29,5,1,208,3.0,3.0,1183.0576923076924,547.5384615384615
sub29,6,1,164,0.0,3.0,1015.5548780487804,546.0853658536586
sub29,7,4,180,8.0,7.0,1424.6277777777777,673.3944444444444
sub29,8,1,203,2.0,2.0,1165.2906403940888,520.2413793103449
sub29,9,4,176,6.0,8.0,1330.8238636363637,689.8806818181819
sub29,10,1,220,3.0,1.0,1200.1409090909092,501.5
sub29,11,2,311,5.0,3.0,1262.3762057877814,550.1125401929261
sub29,12,3,146,4.0,5.0,1215.2465753424658,606.0890410958904
sub29,13,4,206,7.0,6.0,1387.1796116504854,641.5
sub29,14,1,256,0.0,0.0,1004.57421875,437.109375
sub29,15,3,31,0.0,6.0,1055.4516129032259,638.3870967741935
sub29,16,1,163,2.0,3.0,1140.4723926380368,557.4601226993865
sub29,17,4,189,7.0,8.0,1375.7195767195767,677.6560846560847
sub29,18,1,210,2.0,0.0,1129.8857142857144,459.3
sub29,19,1,161,1.0,3.0,1090.8819875776398,557.9130434782609
sub29,20,2,223,5.0,5.0,1270.053811659193,615.1793721973094
sub29,21,3,138,4.0,6.0,1241.804347826087,642.7028985507246
sub29,22,1,198,1.0,0.0,1085.8484848484848,450.7171717171717
sub29,23,1,100,4.0,0.0,1254.41,483.33
sub29,24,1,132,0.0,1.0,1014.5227272727273,487.1060606060606
sub29,25,1,295,4.0,3.0,1223.7016949152542,558.1559322033899
sub29,26,4,218,6.0,6.0,1343.3853211009175,622.4128440366973
sub29,27,1,226,4.0,2.0,1214.0619469026549,529.3805309734513
sub29,28,2,145,7.0,4.0,1349.7448275862068,585.248275862069
sub29,29,4,226,8.0,8.0,1414.3849557522124,699.1017699115044
sub29,30,3,85,2.0,5.0,1122.929411764706,595.035294117647
sub29,31,1,184,3.0,4.0,1186.233695652174,575.5923913043479
sub29,32,4,206,9.0,8.0,1488.3592233009708,681.4757281553398
sub29,33,2,256,5.0,4.0,1257.28515625,579.15625
sub29,34,1,258,3.0,0.0,1182.5736434108528,464.82945736434107
sub29,35,4,230,8.0,9.0,1433.8826086956522,737.9391304347826
sub29,36,4,261,6.0,7.0,1338.2222222222222,655.0383141762452
sub29,37,1,237,1.0,2.0,1120.0337552742617,522.1392405063291
sub29,38,1,157,0.0,2.0,1074.312101910828,525.515923566879
sub29,39,2,46,8.0,4.0,1411.2826086956522,583.5217391304348
sub29,40,4,396,9.0,9.0,1511.2777777777778,744.5808080808081
sub29,41,1,100,0.0,4.0,1023.23,584.21
sub29,42,1,159,0.0,1.0,1012.0817610062893,512.0503144654089
sub29,43,2,141,6.0,2.0,1305.9645390070923,537.5957446808511
sub29,44,4,91,9.0,6.0,1457.1758241758241,643.5604395604396
sub29,45,4,132,7.0,9.0,1358.2575757575758,747.9924242424242
sub29,46,2,181,5.0,2.0,1257.2154696132598,520.4751381215469
sub29,47,4,53,5.0,9.0,1271.433962264151,735.4150943396227
sub29,48,1,206,2.0,1.0,1146.2718446601941,492.1990291262136
sub29,49,2,189,6.0,5.0,1303.037037037037,596.7037037037037
sub29,50,4,127,5.0,7.0,1288.3858267716535,670.1181102362204
sub30,1,2,484,8.0,5.0,206.47520661157026,252.92768595041323
sub30,2,1,116,0.0,4.0,167.55172413793105,235.66379310344828
sub30,3,4,268,6.0,8.0,197.2089552238806,298.80223880597015
sub30,4,1,353,2.0,2.0,175.93767705382436,199.8526912181303
sub30,5,1,406,3.0,4.0,184.83743842364532,242.69458128078819
sub30,6,2,536,7.0,4.0,201.6455223880597,243.0242537313433
sub30,7,2,369,9.0,3.0,215.9620596205962,223.08130081300814
sub30,8,3,345,3.0,7.0,183.51884057971014,286.51594202898553
sub30,9,1,348,1.0,0.0,172.60632183908046,160.85632183908046
sub30,10,2,393,6.0,3.0,196.91348600508906,224.6793893129771
sub30,11,4,333,7.0,8.0,203.59459459459458,291.0810810810811
sub30,12,4,328,7.0,9.0,200.9969512195122,331.4573170731707
sub30,13,1,385,2.0,4.0,178.94545454545454,234.37142857142857
sub30,14,2,229,6.0,1.0,197.89082969432314,198.06113537117903
sub30,15,3,427,5.0,6.0,193.0046838407494,264.8126463700234
sub30,16,3,187,3.0,9.0,180.59358288770053,318.524064171123
sub30,17,1,299,0.0,1.0,165.22742474916387,190.01003344481606
sub30,18,2,407,5.0,5.0,190.61179361179362,249.84029484029483
sub30,19,3,221,1.0,5.0,174.46153846153845,251.91402714932127
sub30,20,1,366,3.0,3.0,184.3551912568306,222.80601092896174
sub30,21,1,249,2.0,0.0,179.859437751004,173.06827309236948
sub30,22,2,523,6.0,5.0,198.74378585086043,258.78011472275335
sub30,23,4,440,9.0,6.0,214.24545454545455,265.1818181818182
sub30,24,4,333,5.0,9.0,194.15015015015015,335.75075075075074
sub30,25,3,493,4.0,6.0,185.7160243407708,263.12170385395535
sub30,26,2,477,6.0,4.0,195.33333333333334,242.33542976939202
sub30,27,2,500,9.0,4.0,215.172,243.952
sub30,28,4,249,9.0,7.0,212.99598393574297,285.63453815261045
sub30,29,1,372,1.0,1.0,172.44086021505376,189.48924731182797
sub30,30,2,249,7.0,2.0,202.89558232931728,213.21686746987953
sub30,31,1,737,0.0,0.0,162.40434192672998,157.18317503392132
sub30,32,4,281,8.0,9.0,208.33096085409252,329.84697508896795
sub30,33,1,270,4.0,2.0,189.8111111111111,207.9925925925926
sub30,34,3,167,1.0,9.0,172.5688622754491,313.34730538922156
sub30,35,3,237,4.0,9.0,187.51898734177215,328.4978902953587
sub30,36,1,325,0.0,2.0,167.71692307692308,208.15692307692308
sub30,37,4,455,8.0,6.0,204.45714285714286,271.1582417582418
sub30,38,3,198,2.0,7.0,177.6161616161616,287.24242424242425
sub30,39,3,282,4.0,8.0,189.72340425531914,298.2517730496454
sub30,40,2,344,8.0,4.0,206.8168604651163,232.72674418604652
sub30,41,2,128,9.0,1.0,210.8359375,196.5234375
sub30,42,1,322,1.0,3.0,173.30434782608697,220.85403726708074
sub30,43,2,433,5.0,3.0,190.4526558891455,228.83833718244804
sub30,44,3,320,2.0,6.0,179.646875,263.20625
sub30,45,1,297,3.0,2.0,183.35353535353536,199.12121212121212
sub30,46,4,343,6.0,7.0,196.27696793002914,280.93586005830906
sub30,47,3,96,0.0,7.0,170.39583333333334,282.375
sub30,48,1,278,2.0,3.0,178.67985611510792,214.1546762589928
sub30,49,1,151,5.0,0.0,190.52317880794703,176.31788079470198
sub30,50,3,349,4.0,7.0,189.20916905444125,279.5071633237822
